{"nodes":{"node:1":{"location":{"x":10,"y":10}},"node:4":{"location":{"x":210,"y":60}}},"selection":null,"view":{"scroll":{"x":51.1223678588867188,"y":-238.171524047851562},"visible_rect":{"max":{"x":380.346282958984375,"y":133.460357666015625},"min":{"x":20.74884033203125,"y":-96.6657638549804688}},"zoom":2.46386623382568359}}