{"nodes":{"node:1":{"location":{"x":54,"y":96}},"node:4":{"location":{"x":531,"y":208}}},"selection":null,"view":{"scroll":{"x":-66.30889892578125,"y":-0.00174812320619821548},"visible_rect":{"max":{"x":950.67218017578125,"y":1157.00146484375},"min":{"x":-41.6727676391601562,"y":-0.0010986328125}},"zoom":1.59118056297302246}}