{"nodes":{"node:1":{"location":{"x":-9,"y":0}}},"selection":null,"view":{"scroll":{"x":-441.13482666015625,"y":-264.8145751953125},"visible_rect":{"max":{"x":187.146072387695312,"y":356.874176025390625},"min":{"x":-176.453933715820312,"y":-105.925834655761719}},"zoom":2.5}}